kgcId,facId,facName,startYear,endYear
101,101001,Jam'iyat-i-Islam,1978,
101,101002,United Islamic Front for Salvation of Afghanistan,1996,2003
101,101003,National Congress,2004,2016
101,101004,New Afghanistan Party,2005,2006
102,102001,Berber Cultural Movement,1988,2003
102,102002,Congress Mondial Amazigh,1995,
102,102003,Coordinations of Kabylia,2001,2016
102,102004,Rally for Culture and Democracy,1997,
102,102005,Socialist Forces Front,1963,
102,102006,Movement for the Autonomy of Kabylia,2001,2016
102,102014,Parti Independantiste,2017,2017
103,103001,National Freedom Council,2004,2016
103,103002,Pahari Chhatra Parishad,1991,
103,103003,Parbattya Chattagram Jana Sanghati Samiti,1972,
103,103004,Shanti Bahini,1972,1998
103,103005,United Peoples' Democratic Front,1999,
103,103006,Women's Hill Federation,1997,
103,103007,Parbattya Gono Parishad,1992,1999
104,104001,Mouvement Liberal Walloon,1965,1965
104,104002,Mouvement Populaire Walloon,1962,1965
104,104003,Parti des Reformes et de la Liberte en Wallonia,1976,1977
104,104004,Rassemblement Walloon,1965,1985
104,104006,Walloon Christian Social Party,1968,2005
104,104007,Walloon Front,1965,1965
104,104008,"Walloon Section, Socialist Party",1965,2005
104,104009,Walloon Shadow Cabinet,1963,1965
104,104010,Walloon Socialist Congress,1962,1962
104,104011,Rassemblement Wallonie France,2004,2016
104,104012,Walloon Front,2005,2016
105,105001,Assembly of First Nations,1979,
105,105002,Grand Council of the Cree,1998,
105,105003,Inuit Circumpolar Conference,1977,
105,105004,Inuit Tapirisat,1980,
105,105005,Labrador Inuit Association,1977,
105,105006,Metis National Council,1983,
106,106001,International Tibet Support Network,2000,2016
106,106002,Tibet Support Group,1991,2016
106,106003,Tibetan Women's Congress,1988,2016
106,106004,Tibetan Youth Congress,1979,
106,106005,Students for a Free Tibet,2004,
106,106006,Tibetan Students Association of Madras,2011,
107,107001,Association of Indigenous Councils of Northern Cauca,2005,2016
107,107002,Coordinating Body of Indigenous Organizations of the Amazon Basin,1985,2016
107,107003,Indigenous Council of the Cauca Region,2004,2016
107,107004,Indigenous Organization of Colombia,1982,
107,107005,Organization of Antioquia,1993,
107,107006,Quintin Lame,1984,1991
107,107007,The Defense Guard,1995,2016
107,107008,Indigenous Social Alliance Movement,2004,2016
108,108001,Democratic Party,1976,
108,108002,Grey Wolves,1996,2005
108,108003,National Front,1960,1966
108,108004,National Unity Party,1975,
108,108005,Peace and Democracy Movement,2003,2007
108,108006,Republican Turkish party,1970,
108,108009,Turkish Resistance Organization,1960,1974
108,108010,Communal Democratic Party,2016,
109,109001,ARDUF,1991,
109,109002,Afar People's Democratic Organization,1995,1998
109,109003,Afar National Democratic Party,1999,
109,109004,Liberation Front of the Afars,1975,1998
109,109005,Afar National Democratic Movement,1995,1998
109,109006,Afar People's Party,2016,
109,109007,Red Sea Afar Democratic Organization,2010,
110,110002,Basque national institution,1999,2002
110,110003,Enbata Movement,1963,1974
110,110004,Gazteriak,1998,1999
110,110005,Haika,2000,2001
110,110006,Iparretarrak,1982,1998
110,110007,Irrintzi,2006,2009
110,110008,Herritarren Zerrenda,2004,2004
110,110009,Segi,2002,2007
111,111001,A Cuncolta Indipendentista,1995,2000
111,111002,Accolta Naziunale Corsa,1992,1996
111,111003,Action revolutionnaire corse,1967,1976
111,111004,Armata Corsa,1999,2001
111,111005,Army of Corsican People,2004,2005
111,111006,Army of National Liberation,2002,2002
111,111007,Associu di Patrioti Corsi,1976,1987
111,111008,Clandestinu,1999,2002
111,111009,Confederation des Comites Nationalistes,1982,1982
111,111010,Corsica Nazione,1993,2008
111,111011,Corsica Revolutionary Action Front,1992,1992
111,111012,Corsica Viva,1996,2000
111,111013,Corsican Guerrillas and Partisans,1981,1981
111,111014,Corsican National Liberation Front,1976,1997
111,111015,Corsican National Liberation Front - Canal Historique,1991,2005
111,111017,Corsican National Liberation Front - Union of Combatants,2002,2016
111,111018,Corsican Peasant Liberation Front,1973,1995
111,111019,Corsican Progress Party,1973,1973
111,111021,Cuncolta nazionalista,1987,1997
111,111022,FLNC of May 5,1999,2000
111,111023,"FLNC of October 22, 2002",2003,
111,111025,Fatherland Unity,1973,1973
111,111026,Fronte Corsu Alliance,2002,2002
111,111027,Fronte Ribellu,1995,2002
111,111028,Ghjustizia Paolina,1974,1975
111,111029,Mouvement Corse Pour l'Autodetermination,1983,2000
111,111030,Mouvement Corse pour le Socialisme,1984,1984
111,111031,Parti Corse pour le Progress,1971,1973
111,111032,Parti Corse pour le Socialisme,1973,1975
111,111033,Parti du Peuple Corse,1966,1973
111,111034,Parti du Peuple Corse pour l'Autonomie,1974,1975
111,111035,Partitu per l'Indipendenza,2002,2002
111,111036,Partitu Populare Corsu,1983,1984
111,111037,Party of the Corsican Nation,2002,2016
111,111038,Resistenza,1990,2003
111,111039,U Rinnovu,2002,2005
111,111040,Union de le Patrie,1970,1975
111,111041,Chjama per Indpendenza e u Socialismu,2002,2002
111,111042,Indipendenza,2001,2004
111,111043,Pè a Corsica,2015,
112,112001,All-Bodos Students Union,1987,
112,112002,Bodo Liberation Tiger Force,1996,2003
112,112003,Bodo People's Action Committee,1988,2003
112,112004,Bodo Peoples Progressive Front,2005,2016
112,112005,Bodo Sahitya Sabha,1973,
112,112006,National Democratic Front of Bodoland,1986,
112,112008,Bodo Volunteer Force,1989,1993
112,112010,Bodoland Movement Coordination Committee,2002,2002
112,112011,Bodoland People's Party,1993,1997
112,112012,Bodoland State Movement Council,1997,1999
112,112013,People's Democratic Front,1996,2001
112,112014,United Bodo National Liberation Front,1999,2001
112,112015,United Bodo National Liberation Front,2002,
112,112016,All Bodoland Minority Students Union,2008,
112,112017,Bodoland Students' Union,2014,
112,112018,All Assam Bodo People's Confederation,2014,
112,112021,Bodo Liberation Tigers,2017,
113,113001,All India Kashmiri Samaj,2000,
113,113002,J and K Kashmiri Pandit Conference,2001,2004
113,113003,Jammu Adhikar Morcha,2003,
113,113004,Jammu Justice Movement,2003,2009
113,113005,Jammu Kashmir Nationalist Front,2000,2016
113,113006,Jammu Mukti Morcha,2001,2016
113,113007,Jammu State Morcha,2002,2014
113,113008,Joint Working Council,2001,2001
113,113009,Kashmiri Displaced Employees' Forum,2001,2001
113,113010,Kashmiri Pandits United Forum,2001,
113,113011,Kashmiri Samiti,2000,
113,113012,Panun Kashmir,1998,
113,113013,Rashtriya Swayamsevak Sangh,2000,
113,113014,Vichar Manch,2003,
113,113015,Vishwa Hindu Parishad,2002,
113,113016,Roots in Kashmir,2006,
113,113017,Youth All India Kashmiri Samaj,2009,
113,113019,All Party Migrant Coordination Committee,2006,
113,113020,Akhil Bharatiya Vidyarthi Parishad,2005,
115,115001,APODETI,1975,1999
115,115002,Aitarak militia,1999,1999
115,115003,Besi Merah Putih,1999,1999
115,115004,National Council of Maubere Resistance,1988,1998
115,115005,Dead and Live with Indonesia,1999,1999
115,115006,Democratic Union of Timorese,1975,1999
115,115007,East Timor People's Front,1999,1999
115,115008,FRETILIN,1975,1999
115,115009,"Forum for Unity, Democracy and Justice",1999,1999
115,115010,Halilintar,1999,1999
115,115011,KOTA,1975,1998
115,115012,Renetil,1988,1999
115,115013,Socialist Association of Timor,1991,1999
115,115014,Solidarity Council of East Timorese Students and Youth,1998,1998
115,115015,Trabalhista,1975,1998
115,115016,United Front for East Timor Autonomy,1999,1999
116,116001,Abu Nidal Organization,1973,2005
116,116002,Al-Aqsa Martyrs' Brigades,2002,
116,116003,Alliance of Palestinian Forces,1993,2016
116,116004,Arab Liberation Front,1969,
116,116005,Democratic Front for the Liberation of Palestine,1969,1994
116,116006,Fatah,1960,
116,116007,Fatah Uprising,1983,2016
116,116008,Hamas,1987,
116,116009,Hezbollah,1985,
116,116010,Ibna al-Balad,2004,2014
116,116011,Palestine Liberation Front,1976,
116,116012,Palestine National Salvation Front,1985,1999
116,116013,Palestinian Authority,2017,
116,116014,Palestinian Democratic Grouping,2003,2003
116,116015,Palestinian Democratic Union,1990,
116,116016,Palestinian Islamic Jihad,1987,
116,116017,Palestinian Liberation Organization,1964,
116,116018,Palestinian People's Party,1983,
116,116019,Palestinian Popular Struggle Front,1975,
116,116020,Popular Front for the Liberation of Palestine,1968,
116,116021,Popular Front for the Liberation of Palestine - General Command,1968,
116,116022,Popular Resistance Committees,2001,
116,116023,al-Khalas National Islamic Party,1995,2002
116,116024,Jund al Sham,2004,2016
116,116025,Ayman Judah Brigades,2009,2014
116,116026,Fatah Hawk,2004,2012
116,116027,Palestinian National Initiative Party,2011,
117,117001,Buendis 98,1997,1997
117,117002,Freedom Movement,1992,2003
117,117003,Heimatbund,1971,2016
117,117004,Northern League Movement,1991,2005
117,117005,One Tyrol,1965,1994
117,117006,South Tyrol People's Party,1960,2013
117,117007,Popular Autonomists,2017,
118,118001,National Indigenous Congress,1998,
118,118002,Plural Indigenous National Assembly for Autonomy,1995,2005
118,118003,Supreme Indigenous Council of Michoacan,2018,
119,119002,Gaguaz Khalk,1991,2016
119,119003,United Gagauzia,2004,2014
119,119004,One Gagauzia,2017,
119,119005,New Gagauzia,2017,
119,119006,Gagauz Halky,2017,
120,120001,Arakan Army,1992,
120,120002,Arakan Independence Organisation,1988,1988
120,120003,Arakan Liberation Party,1975,
120,120004,Arakan National Council,2004,2016
120,120005,Arakan Rohingya National Organisation,2000,
120,120006,Democratic Alliance of Burma,1988,
120,120007,National Democratic Front,1975,
120,120008,National United Party of Arakan,1994,2015
120,120009,Red Flag Party,1962,1970
120,120010,Arakan Rohingya Islamic Front,1990,2005
120,120011,Rohingya National Army,2001,2001
120,120012,Rohingya Solidarity Organization,1982,
120,120013,Tribal National Party,1988,1988
120,120014,United Nationalities League for Democracy,1989,
120,120015,Arakan Rohingya Salvation Army,2012,
121,121001,All Kachin Student and Youth Union,2002,2002
121,121002,Kachin Defense Army,1990,2016
121,121003,Kachin Independence Army,1961,
121,121004,Kachin National Consultative Committee,2002,2005
121,121005,Kachin Peoples Party,2002,2006
121,121006,National Democratic Front,1975,
121,121007,Kachin Independence Organization,1961,
121,121008,Kachin State People's Party,2019,
121,121009,Kachin National Congress,2017,
122,122001,Coordination of Armed Resistance,1993,1994
122,122002,Coordination of Armed Resistance,1995,1997
122,122003,Front for the Liberation of Tamoust,1993,2000
122,122004,Liberation Front of Air and Azawad,1991,1996
122,122005,Organisation of Armed Resistance,1995,1996
122,122006,Popular Front for the Liberation of the Sahara,1994,1997
122,122007,Union of Forces of the Armed Resistance,1996,1997
123,123001,Oron National Forum,1999,2000
123,123002,Oron Youth Movement,2000,2005
124,124001,Awami League,1962,1971
124,124002,Banladeshi Consultative Committee,1970,1971
124,124003,Communist Party of Bangladesh,1971,1971
124,124004,Mukti Bahini,1971,1971
124,124006,Soviet Faction National Awami Party,1969,1970
127,127001,Assembly in Defence of the Sovereignty of the CRI,2005,2005
127,127002,Caucasian confederation,1992,1999
127,127004,Daymokhk,1991,2001
127,127005,Gen Dzhokhar Dudayev's army,1996,1999
127,127006,Islamic Special Purpose Regiment,1998,2006
127,127007,Kadyrovs,1999,2006
127,127008,Maskhadov's Rebel Group,1997,2016
127,127009,National Congress of Chechen People,1991,1996
127,127010,Noy Worldwide Chechen Fund,2003,2004
127,127012,Ruslan Labazanov 's Rebels,1994,1996
127,127013,Shamil Basayev Rebels,1997,2005
127,127015,Union of Citizens for the Chechen Republic as a Democratic Rule-of-Law State Wit,2000,2000
127,127016,Union of Patriotic Forces,1997,1997
128,128001,All-Tatar Public Centre,1991,
128,128002,All-Tatar Social Center,1993,1996
128,128003,Azatlyk Union of the Tatar Youth,1991,2015
128,128004,Ittifak Party,1991,2000
128,128005,Namus,1992,1992
128,128006,Sovereignty Committee,1991,1998
128,128008,Tatar National Congress,1991,
128,128009,Tatar National Front,2003,2003
129,129001,Afrikaner Freedom Front,1994,2016
129,129002,Afrikaner Resistance Movement,1994,1999
129,129003,Afrikaner Volksfront,1994,1999
129,129004,Afrikaner Volksunie,1994,1996
129,129005,Aksiegroep,1999,
129,129006,Boer Attack Troops,1997,1997
129,129007,Boere Weerstandsbeweging,1994,2000
129,129008,Boerestaat Party,1994,2014
129,129009,Conservative Party,1994,2003
129,129010,Freedom Alliance,1994,1994
129,129011,New National Party,1994,2005
129,129013,Volkstaat Council,1994,2002
129,129015,Front National,2013,
130,130001,Sri Lanka Muslim Congress,1988,
131,131001,All Ceylon Tamil Congress,1972,
131,131002,Ceylon Workers' Congress,1961,
131,131003,Tamil Coordinating Committee,1982,1983
131,131004,Eelam National Liberation Front,1985,1987
131,131005,Eelam People's Democratic Party,1987,2000
131,131006,Eelam People's Revolutionary Liberation Front,1982,2001
131,131007,Eelavar Democratic Front,1984,1999
131,131008,Federal Party,1960,1987
131,131009,Liberation Tigers of Tamil Eelam,1976,2011
131,131010,Liberation Tigers of Tamil Eelam - Karuna faction,2004,2016
131,131011,People's Front of Liberation Tigers,1988,1992
131,131012,People's Liberation Organization of Tamil Eelam,1982,
131,131013,Tamil Eelam Liberation Organization,1983,1997
131,131014,Tamil National Alliance,2001,
131,131015,Tamil National Army,1989,1991
131,131016,Tamil United Front,1972,1975
131,131017,Tamil United Liberation Front,1976,2016
131,131018,Tamil Eelam Liberation Army,1983,1988
131,131019,Tamil Civil Society Forum,2014,
131,131020,Tamil People's Alliance,2018,
131,131022,Tamil People's National Alliance,2020,
132,132001,Taiwan Aboriginal Tribes Association,1996,1996
133,133001,Democratic Confederation of Kurdistan,2005,2016
133,133002,Democratic Party,1991,1993
133,133003,Democratic Society Party,2004,2005
133,133005,Kurdish Revolutionary Party,2001,2001
133,133006,Kurdish Workers Party,1974,
133,133007,Kurdistan Liberation Hawks,2004,
133,133008,Kurdistan National Congress,1999,
133,133009,Kurdistan National Liberation Front,1991,2000
133,133010,People's Democracy Party,1994,2003
133,133011,Rights and Freedoms Party,2004,
134,134001,All Crimean Movement of Electors for a Crimean Republic,1992,2000
134,134003,Democratic Crimea Movement,1991,1992
134,134004,Republican Movement of Crimea,1991,1996
134,134005,Rossiya Electoral Bloc,1994,1995
134,134006,Soyuz,1995,
134,134008,Union of Communists,1993,2013
134,134009,Russia Bloc,2001,2014
135,135001,American Indian Movement,1968,
135,135002,United Indians of All Tribes,1979,
135,135003,The Red Nation,2018,
136,136001,Montagnard Foundation,1998,2013
136,136002,United Front for the Struggle of the Oppressed Races,1964,1992
137,137001,Christian Democratic Party,1992,1999
137,137002,Kosovar Liberation Army,1993,1999
137,137004,Kosovo Parliamentary Party,1991,1999
137,137006,Liberal Party of Kosovo,1993,1999
137,137007,National Movement for the Liberation of Kosovo,1992,1999
137,137008,Popular movement of Kosovo,1998,1999
137,137009,Social Democratic Party of Kosovo,1992,1999
137,137010,United Democratic Movement,1998,1999
137,137011,Democratic League of Kosovo,1990,1999
138,138001,Agenda for Zambia,1997,2005
138,138002,Barotse Cultural Association,1993,1999
138,138003,Barotse Patriotic Front,1998,2000
138,138004,Barotse Royal Establishment,1992,
138,138005,Forum for the Restoration of Barotseland,2001,2001
138,138006,Liseli Conservative Party,1998,1999
138,138007,Barotse Freedom Movement,2010,2013
138,138008,Barotseland National Council,2012,
138,138009,Barotse National Freedom Alliance,2013,
138,138010,Movement for the Restoration of Barotseland Agreement,2011,2012
139,139001,Pakistan Oppressed Nations Movement,1998,
139,139002,Pakistan Saraiki Party,1991,
139,139003,Pakistan Saraiki Party Jamhoori Democratic Group,1991,1991
139,139004,Saraiekistan National Movement,2004,2004
139,139005,Saraiki National Party,2000,
139,139006,Saraiki Sooba Movement Pakistan,2002,2007
139,139007,Saraikistan Qaumi Movement,2001,2016
140,140001,Aboriginal Advancement League of Victoria,1965,
140,140004,Island Coordinating Council,1986,2008
140,140005,National Indigenous Council,2005,2008
140,140008,Your Voice,2004,2007
141,141001,Bhutan People's Party,1985,2014
201,201001,New Croat Initiative,1998,2005
201,201002,Croat National Union,1998,2014
201,201003,Croatian Defense Council,1992,1996
201,201004,Croatian Defense Forces,1992,1993
201,201005,Croatian Democratic Union of Bosnia Herzegovina,1992,
201,201007,Croatian Peasants Party,1992,2007
201,201008,HSS BiH - New Croat Initiative,2007,2014
202,202001,Bloc Quebecois,1990,
202,202002,Liberal Party in Quebec,1990,
202,202003,Mouvement Souverainete-Association,1967,1967
202,202004,Parti Action Democratique,1994,2012
202,202005,Parti Quebecois,1968,
202,202006,Quebec Liberation Front,1968,1970
202,202008,Ralliement National,1967,1967
202,202009,Rassemblement Democratique pour l'Independence,1985,1985
202,202010,Rassemblement pour l'Independance,1968,1968
202,202011,Union Nationale,1970,1984
202,202012,Young Patriots of Quebec,2007,2012
202,202013,Option Nationale,2011,2017
202,202014,Parti Indépendantiste,2008,2017
202,202015,Réseau de Résistance du Québécois,2007,2013
202,202016,Coalition Avenir Québec,2011,
202,202017,Quebec Solidaire,2006,
203,203001,East Turkestan Information Centre,2000,2010
203,203002,East Turkestan Islamic Party,1990,
203,203003,Organization for the Liberation of Uighurstan,1996,1997
203,203004,True God Party,1997,2000
203,203005,Uighur Liberation Party,1997,1997
203,203006,United Association of Uighurs,1997,1997
203,203007,United National Revolutionary Front of East Turkestan,1996,1998
203,203008,Yizhabute,2005,2005
204,204002,Mohamed Abdou Madi's Group,1998,1998
204,204003,Mouvement Populaire Anjouanais,1997,2002
204,204004,Movement pour la Separation d'Anjouan,1997,1997
204,204005,Organisation pour l'Independence d'Anjouan,1997,2001
205,205001,Amauta Jatari Movement,2002,2002
205,205002,Confederation of Indigenous Nationalities of Ecuador,1980,
205,205003,Confederation of Indigenous Nationalities of the Ecuadorian Amazon,1980,1980
205,205004,Council for Development of the Indigenous Nationalities and People of Ecuador,2001,2005
205,205005,"Ecuadoran National Confederation of Peasant, Indian and Black Organizations",1998,2016
205,205006,Federation of the Indigenous Organization of Napo,1973,1999
205,205007,Federation of the Shuar Centers,1964,1991
205,205008,Feine,2000,2010
205,205009,National Office of Bilingual Intercultural Education,2003,2005
205,205010,Organization of the People of Pastaza,1973,2002
205,205011,Pachakutik,1995,
205,205012,Regional Organization of Indigenous Peoples of the East,2020,
206,206001,ELF-PLF of the Gulf,1980,1982
206,206002,ELF-PLF - RC,1984,1984
206,206003,Eritrean Liberation Front - National Council,1985,1987
206,206004,Eritrean Liberation Front - Popular Liberation Forces of Eritrea,1976,1984
206,206005,Eritrean Liberation Front - Revolutionary Council,1976,1984
206,206006,Eritrean Liberation Front - Unified Organization,1987,1989
206,206007,Eritrean Liberation Movement,1961,1974
206,206008,Eritrean People's Liberation Front,1970,1993
206,206009,Popular Liberation Forces - Revolutionary Committee,1980,1982
206,206010,Popular Liberation Front,1974,1977
207,207001,Breton Democratic Union,1974,2002
207,207002,Emgann,1998,2000
207,207003,Front Autonomiste Socialiste Autogestionnaire Breton,1975,1975
207,207004,Front de Liberation de la Bretagne pour la Liberation Nationale et le Socialisme,1973,1974
207,207005,Liberation Front of Brittany,1968,1974
207,207006,Liberation Front of Brittany - Breton Republican Army,1968,1978
207,207007,Parti Pour l'Organisation d'une Bretagne Libre,1998,1998
207,207008,Regional Council of Brittany,1975,1975
207,207009,Strollad ar Vro,1974,1975
207,207010,Liberation Front of Brittany,1988,2004
208,208001,Abkhaz Supreme Soviet,1991,2016
208,208002,Confederation of Mountain Peoples of the Caucasus,1991,1994
209,209001,Al Badr,2000,
209,209002,Al Barq,1992,
209,209003,Al Fatah,1992,2005
209,209005,Al Umer,1991,
209,209006,Al-Fatah Force,1995,2005
209,209007,Al-Jihad,1985,2004
209,209008,Al-Mujahedeen Fil-Islam,1991,1991
209,209009,All Parties Hurriyat Conference,2003,
209,209010,All Party Hurriyat Freedom Conference,1994,2005
209,209011,Anjumane Sharie Shian,2005,2005
209,209012,Awami People's Action Committee,1964,2016
209,209013,Awami People's League,1995,2005
209,209014,Democratic Freedom Party,1998,
209,209015,Dukhtaran-e-Millat,1987,
209,209016,Harkat-ul-Ansar,1993,2016
209,209017,Hizb-ul-Mujahideen,1991,
209,209018,Hizbullah Mujahideen,1995,2005
209,209019,Hizbullah,1990,2002
209,209020,Ikhwan ul Muslimoon,1991,2005
209,209021,Islamic Students League,1988,2015
209,209022,Jaish-e-Mohammed,2000,
209,209023,Jamaat ul Dawa,2002,2005
209,209024,Jamaat-i-Islami,1978,
209,209025,Jamaat-i-Tulaba,1980,1994
209,209026,Jamiat-ul-Mujahideen,1994,
209,209027,Jammu and Kashmir Liberation Front,1976,1995
209,209028,Jammu and Kashmir Liberation Front - Azad Kashmir faction,1995,2005
209,209029,Jammu and Kashmir Liberation Front - Indian Kashmir faction,1995,2005
209,209031,Jammu and Kashmir Islamic Front,1995,2012
209,209032,Jammu and Kashmir Mahaz-i-Azadi,2002,2016
209,209033,Jammu and Kashmir Muslim Conference,1970,1970
209,209034,Jammu and Kashmir National Awami,1997,2016
209,209035,Jammu and Kashmir National Front,2001,2016
209,209036,Jammu and Kashmir National Liberation Front,1965,1975
209,209037,Jammu and Kashmir People's Party,1971,1971
209,209038,Jammu and Kashmir Quami Mushawarati Council,2000,2000
209,209039,Jammu and Kashmir Solidarity Forum,1997,1997
209,209040,Jehad Force,1993,1994
209,209041,Kashmir Communist Party,1969,2005
209,209042,Kashmir Congress,1975,2005
209,209043,Kashmir Freedom Movement,1991,
209,209044,Kashmir People's Conference,2005,2016
209,209045,Kashmir Political Conference,1970,1972
209,209046,Kashmir Solidarity Front,1997,1997
209,209047,Lashkar-e-Jabbar,2001,2005
209,209048,Lashkar-i-Toiba,1997,
209,209049,Mujahideen Al-Badar,1999,2015
209,209050,Muslim Martyrs Force,1991,2004
209,209051,Muslim United Front,1987,1988
209,209052,Muttahida Mahaaz Council,2004,2004
209,209053,National Conference,1965,
209,209054,Operation Balakote,1993,1995
209,209055,People's Democratic Party,1999,
209,209056,Plebiscite Front,1960,1975
209,209057,Praja Socialist Party,1967,1971
209,209058,Qaumi Tehreek Azadi Kashmir,1991,1991
209,209059,Students Islamic Movement of India,2000,
209,209060,Tehreek Islami Jamhoria Kashmir,1991,1991
209,209061,Tehreek-ul-Mujahideen,2000,
209,209062,Tehrike-Jehad,1999,2005
209,209063,United Jihad Council,1997,
209,209064,Save Kashmir Movement,2004,2010
209,209065,Jammu and Kashmir Young Men’s League,2016,
209,209066,Joint Resistance Leadership,2016,
209,209067,Tehreek-e-Istiqlal Jammu and Kashmir,2020,
209,209069,Jammu and Kashmir Mass Movement,2004,
209,209070,National Movement for the Restoration of Pakistan's Sovereignty,2002,2005
210,210001,Bru Liberation Front of Mizoram,2005,2005
210,210002,Bru National Liberation Front,1996,2012
210,210003,Bru National Union,1997,1998
210,210004,Bru Democratic Front of Mizoram,2014,2015
211,211001,Akal Takht,1984,2000
211,211002,Akali Dal,1961,1991
211,211003,Akali Dal - Badal faction,1986,
211,211004,United Akali Dal,1983,1988
211,211005,Akali Dal - Longowal faction,1981,1991
211,211006,Akali Dal - Mann faction,1989,1992
211,211007,Akali Dal - Sant Fateh Singh's faction,1962,1970
211,211008,Akali Dal - Talwandi faction,1984,1988
211,211009,Akali Dal - Tara Singh faction,1962,1967
211,211010,All India Sikh Students Federation,1982,
211,211011,All Sikh Conference Babbar,1991,1991
211,211012,All-Parties Action Committee,1970,1970
211,211013,Babbar Khalsa,1983,
211,211014,Bhindranwale Tiger Force of Khalistan,1987,1992
211,211015,Council of Khalistan,1987,1998
211,211016,Dal Khalsa,1981,
211,211017,Dashmesh Regiment,1984,1992
211,211018,International Sikh Youth Federation,1986,2003
211,211019,Khalistan Armed Forces,1985,1994
211,211020,Khalistan Commando Force,1986,
211,211021,Khalistan Liberation Army,1986,1992
211,211022,Khalistan Liberation Force,1986,1995
211,211023,Khalistan National Council,1971,2005
211,211024,Khalistan Zindabad Force,1998,2005
211,211025,Khalsa Raj Party,1991,2003
211,211026,National Council of Khalistan,1981,1988
211,211027,Panthic Committee,1986,1993
211,211028,Punjab Congress Committee,1966,1966
211,211029,Shiromani Akali Dal,1991,2003
211,211030,Shiromani Akali Dal - Tohra faction,1999,2003
211,211031,Shiromani Gurdwara Prabandhak Committee,1962,
211,211032,Shiromani Khalsa Dal,2004,2004
211,211033,Shromani Akali Dal - Amritsar faction,1997,2005
211,211034,Sikh League,1981,1981
211,211035,Akali Dal,2019,
211,211036,Sikhs for Justice,2007,
212,212001,Alliance of the Papua Students,1999,1999
212,212002,Amungme Tribe,1999,1999
212,212003,Cendrawasih Younger Generation,1998,1998
212,212004,Front of People Concerned for Papua,1998,1998
212,212005,Irian Jaya Community Family Value Association,1998,1998
212,212006,Irian Jaya Younger Generation Communication Forum,1998,1998
212,212007,Irianese People Solidarity Committee,1998,1998
212,212008,Organisasi Papua Merdeka,1970,
212,212009,Papua Presidium Council,2000,2008
212,212010,Papua Students and People's Communication Forum,1999,1999
212,212011,Papuan Students Alliance,1998,
212,212012,Papuan Taskforce,2000,2000
212,212013,Papuan Younger Generation Alliance Post-1963,1998,1998
212,212014,Popular Front for Papua,1998,1998
212,212015,Star 14 Melanesia,2003,2003
212,212016,Team 100,1999,2000
212,212017,Traditional Society Council,1999,1999
212,212018,West Papua Implementary Independent Committee,1999,1999
212,212019,West Papua New Guinea National Congress,1998,2007
212,212020,West Papua People's Front,1987,1994
212,212021,West Papuan National Council,1996,2000
212,212022,Indonesian People's Front for West Papua,2016,
213,213001,Congress of Russian Community,1993,1995
213,213002,Lad Slavic Movement,1991,2007
213,213003,Russian Center in Kazakhstan,1996,1997
213,213004,Semirechye Cossacks,1994,1995
213,213005,Society of Slavonic Culture,1994,1995
214,214001,Chao Fah,1991,2005
215,215001,Block of Patriotic Forces,1995,1996
215,215002,Transnistrian Republic,1991,
215,215003,Yedinstvo Unity,2000,2000
216,216001,Karenni National Progressive Party,1960,2016
216,216002,Karenni Nationalities People's Liberation Front,1993,2016
216,216003,Karenni Revolutionary Army,1986,1986
216,216005,Kayah State Democratic Party,2017,
217,217001,Kokang Resistance Force,1962,1962
217,217002,Shan Democratic Union,1997,2014
217,217003,Shan National United Front,1962,1962
217,217004,Shan Nationalities League for Democracy,1990,
217,217005,Shan State Army,1962,1999
217,217006,Shan State Army - South,1995,
217,217007,Shan State Independence Army,1962,1962
217,217008,Shan State National Army,1995,2005
217,217009,Shan State National Congress,1995,1995
217,217010,Shan State Nationalities Liberation Organization,1982,1982
217,217011,Shan State Peacekeeping Council,1975,1996
217,217012,Shan State Restoration Council,1993,1993
217,217013,Shan United Army,1974,1984
217,217014,Shan United Revolutionary Army,1980,1984
217,217015,Shan United Revolutionary Army,1996,1999
217,217016,Shan State Army - Mong Tai Army faction,1985,1996
217,217018,Shan State Army - North,2014,
217,217019,United Nationalities Federal Council,2014,
218,218001,Caprivi Liberation Army,1998,2014
218,218002,United Democratic Party,1990,2005
219,219001,All Progressive Grand Alliance,2003,
219,219002,Lt. Col. Odumegwu-Ojukwu's Biafran Army,1967,1970
219,219003,Movement for the Actualization of the Sovereign State of Biafra,2000,
219,219004,Indigenous People of Biafra,2014,
220,220001,Action Group,1960,1965
220,220002,Coalition of Oodua Self Determination Group,1998,2015
220,220003,Egbe Yoruba Koya,1998,1998
220,220004,Federation of Yoruba Consciousness and Culture,2001,2015
220,220005,Oromo National Congress,1995,
220,220006,Oodua Youth Movement,1998,2000
220,220007,Oodua Democratic Vanguard,2003,2003
220,220008,Oodua Liberation Movement,2000,2000
220,220009,Oodua Republic Front,2001,2013
220,220010,United Self Determination Groups of Oodua,2004,2004
220,220011,Yoruba Leadership Forum,2002,2015
220,220012,Yoruba Revolutionary Movement,2000,2010
221,221001,Jaye Sindh Progressive Party,1991,1993
221,221002,Jaye Sindh Student Federation,1993,
221,221003,Jeay Sindh Qaumi Mahaz,1972,
221,221004,Jeay Sindh Qaumi Parast Party,2001,
221,221005,Sind-Baluchistan Patriotic Front,1986,1986
221,221006,Sindh National Alliance,1989,1993
221,221007,Sindh National Front,1996,2016
221,221008,Sindh National Party,2000,
221,221009,Sindh Taraqi Pasand Party,2000,
221,221010,World Sindhi Congress,1998,
221,221011,Save Sindh Committee,2007,
221,221012,Sindh United Party,2006,
221,221013,Sindhudesh Liberation Army,2012,
221,221014,Jeay Sindh Muttahida Mahaz,2013,
221,221017,Jeay Sindh Mahaz-Khaliq,2019,
221,221018,Sindhi Adabi Sangat,2012,
222,222002,Bougainville Independence Movement,2005,2005
222,222005,Bougainville People's Congress Party,2000,2010
222,222006,Bougainville Revolutionary Army,1987,1993
222,222007,Bougainville Revolutionary Army - Peace faction,1994,2003
222,222008,Me'ekamui Defence Force,1994,
222,222009,New Bougainville Party,2005,2015
223,223001,Buryat-Mongolian People's Party,1991,1996
223,223003,Erkhe,2005,2010
223,223004,Regional Union of Young Scholars,2005,2010
225,225001,Atika,1984,
225,225002,Front Nord,1992,
225,225003,Front Sud Sadio Faction,1996,2005
225,225004,MFDC - Armed wing,1982,2005
225,225005,MFDC - Cesar Badiate faction,2001,2010
225,225006,MFDC - Magne Dieme's faction,2004,2007
225,225007,MFDC - Political wing,1982,2005
227,227001,New Sudan Forces for Peace,1996,1996
227,227002,Nuba Mountain Central Committee,1996,2003
227,227003,Nuba Mountains General Union,2002,2002
227,227004,Nuba Survival,2003,2013
227,227005,Sudan National Party,2002,2012
227,227006,Sudanese National Party,1985,2016
227,227007,Sudanese People's Liberation Movement,1983,
228,228001,Civic United Front,1993,
228,228002,Law Reform Commission,1984,1984
228,228003,Democratic Party,1993,2005
229,229001,Adalet Party,1995,2005
229,229002,Majilis,1991,2016
229,229003,Organization of the Crimean Tatar National Movement,1991,1996
230,230001,Continuity IRA,1995,
230,230002,Irish National Liberation Army,1979,
230,230003,Irish Republican Army,1960,2005
230,230004,Irish Republican Socialist Party,1975,
230,230005,Official IRA,1969,2005
230,230006,Real IRA,1997,
230,230007,Republican Sinn Fein,1986,
230,230008,Sinn Fein,1971,
230,230009,Social and Democratic Labor Party,1970,
230,230010,32 County Sovereignty Committee,1997,
230,230011,Óglaigh na hÉireann,2009,
230,230012,Aontu,2019,
230,230013,Saoradh,2016,
230,230014,Arm na Poblachta,2017,
230,230016,Lasair Dhearg,2017,
230,230017,Republican Network for Unity,2008,
231,231001,Ilio'ulaokalani coalition,2003,2005
231,231002,Council for Native Hawaiian Advancement,2003,
231,231003,Council of Hawaiian Organizations,1993,1999
231,231004,Ha Hawaii,1998,2000
231,231005,Hawaiian Civil Political Action Committee,1992,1992
231,231006,Hawaiian Political Action Council of Hawaii,2003,2003
231,231007,Ho'omalu Ma Kualoa,1989,1999
231,231008,Hui Na'auao,1991,1993
231,231009,Ka Lahui,1991,2016
231,231010,Ka Pakaukau,1992,2008
231,231011,Na Koa Ikaika,2003,2015
231,231012,Nation of Hawaii,1994,
231,231013,Native Hawaiian Convention,1998,2016
231,231014,Office of Hawaiian Affairs,1978,2005
231,231015,Ohana Council,1994,1995
231,231016,Pacific Asia Council of Indigenous Peoples,1993,1993
231,231017,State Council of Hawaiian Homestead Associations,1994,2009
231,231018,The Koani Foundation,1994,2011
231,231019,The Living Nation,2003,2006
231,231020,Hawaiian Kingdom Government,2008,2011
232,232001,Association of Vojvodina Hungarians UVM,1994,2016
232,232002,Banat Forum,1997,1997
232,232003,Civil Movement of Vojvodina Hungarians,1995,2005
232,232004,Democratic Community of Hungarians in Vojvodina,1990,2005
232,232005,Hungarian Democratic Party of Vojvodina,1999,2006
232,232006,Hungarians for the Fatherland,1991,1991
232,232007,League of Social Democrats,1990,
232,232008,National Peasants' Party,1997,1997
232,232009,Sombor Prosperity Party,2001,2003
232,232010,The Vojvodina Constitutional Movement,2005,2005
232,232011,Vojvodina Club,1991,
232,232012,Vojvodina Coalition,1996,
232,232013,Vojvodina Hungarian National Council,1999,2004
232,232014,Vojvodina Movement,1998,2004
232,232016,World Federation of Hungarians,1992,2005
232,232017,Democratic Alliance for Reform of Vojvodina,1992,1999
232,232018,Vojvodina Party,2005,
232,232019,Vojvodina Front,2020,
233,233001,Christian Democratic Party,1989,1991
233,233002,DEMOS,1989,1991
233,233003,Liberal Democratic Party,1990,1991
233,233004,Peasants' Union,1989,1991
233,233006,Slovene Democratic Alliance,1989,1991
233,233007,Party of Democratic Renewal,1989,1991
233,233008,Slovene League of Social Democrats,1989,1991
233,233009,Slovene Youth Federation,1989,1989
233,233010,Slovenian Territorial Defence Force,1989,1991
234,234001,United National Federal Party,1978,1980
234,234002,United People's Association,1980,1980
234,234003,ZAPU - Federal Party,1965,1988
234,234004,ZAPU2000,1999,2005
234,234005,Zimbabwe People's Revolutionary Army,1977,1981
235,235001,National Islamic Movement,1990,
235,235002,Ubzbek Northern Alliance,1996,2003
301,301001,Armed Forces for the Liberation of Cabinda,1979,1979
301,301002,Military Command for the Liberation of Cabinda,1977,1977
301,301003,Cabindan Forum for Dialogue,2005,2007
301,301004,Front for the Liberation of Cabinda - Cabinda faction,1975,1975
301,301005,Front for the Liberation of Cabinda,1975,1992
301,301006,Front for the Liberation of Cabinda - Kinshasa faction,1975,1975
301,301007,Front for the Liberation of Cabinda - CSA,2004,2004
301,301008,Front for the Liberation of Cabinda - Cabinda Armed Forces,1993,2004
301,301009,Front for the Liberation of Cabinda - Fac,2005,
301,301010,Front for the Liberation of Cabinda - Renewal,1991,2004
301,301011,Cabinda Liberation Movement,1976,1976
301,301012,Movement of Cabindan Republicans,1997,1997
301,301013,Mpalabanda Cabinda Civil Association,2004,2006
301,301014,National Front for the Liberation of Cabinda,1994,1994
301,301015,National Union for the Liberation of Cabinda,1989,1997
301,301016,National Union for the Light of Democracy and Development in Angola,1992,1994
301,301017,Popular Movement for the Liberation of Cabinda,2003,2003
301,301018,Cabinda Democratic Front,1995,1996
301,301019,Independence Movement of Cabinda,2019,
302,302001,Lezgin Democratic Party,1992,1992
302,302002,Lezgin National Council,1992,2000
302,302003,Sadval,1991,2015
303,303001,Alliance of Independent Social Democrats,1996,
303,303002,Bosnian Serb Republic,1992,1995
303,303003,Serb Democratic Party,1992,
303,303004,Serb National Alliance,1997,2016
303,303005,Serbian Radical Party,1992,
304,304001,Catholic Church's Indian Missionary Council,1975,2009
304,304002,Commission for the Creation of the Yanomami Park,1978,2014
304,304003,Survival International,1980,
305,305001,Ad-Mapu,1984,1993
305,305002,All Lands Council,1992,2013
305,305003,Coordinadora Arauco Malleco,1997,
305,305004,Folil-che Aflaiai,1990,1990
305,305005,Mapuche Committee in Europe,1992,1992
305,305006,National Council of Indigenous Peoples,1992,1992
305,305007,National Council of Indigenous Peoples,1993,
305,305008,Special Commission of Indigenous Peoples,1992,1993
305,305009,Weichán Auka Mapu,2013,
306,306001,Abako,1960,1965
306,306002,Bundu dia Kongo,1969,
306,306003,Front for the Survival of Democracy,2001,2003
307,307001,Association of Serb Refugees from Krajina and Croatia,1999,2002
307,307002,Crna Ruka,1991,1991
307,307003,Serb National Council,1991,
307,307004,Serb Peoples Party,1993,
307,307005,Serbian Democratic Party - Babic faction,1991,1994
307,307007,Serbian Volunteer Guard,1991,1995
307,307008,Cetniks,1991,1991
308,308001,April 1 Bubi Nationalist Group,1983,1983
308,308002,Fernando Po Liberation Front,1983,1983
308,308003,Movement for the Self-Determination of the Island of Bioko,1993,2005
308,308004,Real Union of Bubi People of Eri,1983,1983
308,308005,Union Bubi,1968,1995
309,309001,Front for the Forces of Oromo Struggle,2005,2005
309,309002,Geda System Advancement Party,2005,2005
309,309003,Islamic Front for the Liberation of the Oromo,1991,2002
309,309004,Oromo Abbo Liberation Front,1991,2005
309,309005,Oromo Federalist Democratic Movement,2004,
309,309006,Oromo Liberation Council,1998,2004
309,309007,Oromo Liberation Front,1973,
309,309008,Oromo Liberation Unity Front,1999,2005
309,309009,Oromo National Congress,1995,2016
309,309010,Oromo Peoples Democracy Organization,1989,2005
309,309011,Oromo People's Liberation Front,1991,2000
309,309012,Oromo United Front,2000,2003
309,309013,Oromo-Somali-Afar Liberation Alliance,1997,1998
309,309014,Tokichuma,1999,1999
309,309015,United Oromo Liberation Forces,1992,1995
309,309016,United Oromo Peoples Liberation Front,1991,2000
309,309017,United Liberation Forces of Oromiya,2000,2003
309,309018,Oromo Democratic Front,2015,
310,310002,Merab Kostava Society,1991,2014
310,310003,Republicans,2004,2013
310,310004,Union of Georgia's Revival,1992,2004
311,311001,All-Ossetian Peoples Council,1993,2016
312,312001,Mizo National Front,1962,1986
312,312002,Mizo Union,1960,1973
313,313002,All Tripura Tribal Force,1990,
313,313003,Indigenous Peoples Front of Tripura,1997,2001
313,313004,National Liberation Front of Tripura,1989,2000
313,313005,National Liberation Front of Tripura - Biswamohan Debbarma,2001,2005
313,313006,National Liberation Front of Tripura - NB,2001,
313,313007,Tribal Employees Organization,1999,1999
313,313008,Tripur Sena,1979,1980
313,313009,Tripura Hill Peoples Party,1993,1996
313,313010,Tripura Liberation Organization Front,1992,1992
313,313011,Tripura National Volunteer Force,1978,2001
313,313012,Tripura Peoples Democratic Front,1997,2014
313,313013,Tripura Resurrection Army,1994,1997
313,313014,Tripura Tribal Area Autonomous District Council,1982,2016
313,313015,Tripura Tribal National Conference,1996,1996
313,313017,Tripura Tribal Students Federation,1997,2001
313,313018,Tripura Upajati Juba Samiti,1968,2001
313,313019,Indigenous National Party of Tripura,2003,2016
313,313020,Indigenous Peoples Front of Tripura,2009,
313,313021,Tripura United Indigenous Peoples Council,2019,
313,313022,Twipra Students' Federation,2005,
315,315001,Fedayeen,1979,1979
315,315002,Free Life Party of Kurdistan,2003,
315,315003,Kurdish Democratic Party of Iran,1960,
315,315004,Kurdish Mujahideen,1980,1980
315,315005,Revolutionary Organization of the Toilers of Kurdistan,1969,
316,316001,Uzbek Cultural Centre,1995,2014
317,317001,All Albanian Army,1993,1994
317,317002,Democratic Union for Integration,2002,
317,317003,Ilirida Albanian youth Movement,1992,1992
317,317004,National Democratic Party - PDP,1991,1993
317,317005,National Democratic Party,1994,1998
317,317006,National Democratic Party,2001,2008
317,317007,National Liberation Army,2001,2002
317,317008,New Democratic Forces,2005,2010
317,317009,Party of Democratic Prosperity,1994,2014
317,317010,Democratic Party of Albanians,1997,
318,318001,Saharan Arab Democratic Republic,1976,
318,318002,The Popular Front for the Liberation of Saguiet el Hamara and Rio de Oro,1973,
319,319001,Democratic Alliance of Burma,1988,
319,319002,Democratic Karen Buddhist Organization,1994,
319,319003,Gods Army,1999,2001
319,319004,Karen National Liberation Army,1960,2005
319,319005,Karen National Progressive Party,1975,2016
319,319006,Karen National Union,1960,
319,319007,National Democratic Front,1975,2011
319,319008,National Liberation Front,1970,1974
319,319009,Karen National United Party,1963,1963
319,319010,Klo Htoo Baw Karen Organization,2015,
319,319011,Kawthoolei Armed Forces,2014,
319,319012,Karen National Defense Organization,2015,
319,319013,Karen National Liberation Army,1994,
320,320001,Myanmar National Solidarity Party,1989,1989
320,320002,National Democratic Front,1975,2011
320,320003,United Wa State Army,1989,
320,320004,Wa National Army,1976,2011
320,320005,Wa National Organization,1987,
321,321001,Chikoko Movement,1997,2011
321,321002,Coalition for Justice in Niger Delta,1999,1999
321,321003,Egbesu Boys,1997,
321,321004,Federated Niger Delta Ijaw Communities,1998,2016
321,321005,Ijaw National Congress,1991,
321,321006,Movement for the Emancipation of the Niger Delta,2004,
321,321007,Movement for the Survival of the Ijaw Ethnic Nationality,1992,2005
321,321008,Niger Delta People's Volunteer Force,1998,2005
321,321009,Niger Delta Vigilantes,2003,2009
321,321010,Warri Ijaw Leaders' Forum,2003,2003
321,321011,Movement of the Niger Delta People,2006,
323,323001,Nordic Sami Institute,1973,2005
323,323003,Saami Rights Commission,1980,2005
323,323004,Sami Council,1960,2016
323,323005,Sami Cultural Commission,1980,1985
323,323006,Norwegian Sami Association,1968,2005
324,324001,Confederation of Amazonian Nationalities of Peru,1987,
324,324002,Coordination of Indigenous Organizations of the Amazon Basin,1985,2005
324,324003,Inter-Ethnic Association for the Development of the Peruvian Jungle,1980,2014
324,324004,Regional Indigenous Organization of Atalaya,1996,1996
325,325001,Cordillera Bodong Administration,1986,2005
325,325002,Cordillera Executive Board,1987,2000
325,325003,Cordillera Leaders Forum,1997,1998
325,325004,Cordillera People's Alliance,1984,
325,325005,Cordillera People's Liberation Army,1985,2005
325,325007,Cordillera People's Liberation Army - Molina/Aydinan faction,1996,2014
326,326001,Tenglik Movement,1991,2008
327,327001,Association of Hungarian Parents in Slovakia,1997,2014
327,327002,Association of the Zitny Ostrov Towns and Villages,1993,1994
327,327003,Coexistence,1993,2005
327,327004,Cultural Freedom For Hungarian Workers in Czechoslovakia,1993,2005
327,327005,Federation of Hungarian Teachers in Slovakia,1995,1997
327,327006,Hungarian Christian Democratic Movement,1993,1997
327,327007,Hungarian Civic Party,1993,1997
327,327008,Hungarian Coalition Party,1998,
327,327009,Hungarian People's Movement for Reconciliation and Prosperity,1994,1999
327,327010,Hungarian People's Party,1993,1997
327,327011,Hungarian Coalition,1992,1998
328,328001,Somali National Movement,1981,2005
329,329002,Inkatha Freedom Party,1975,2015
330,330001,Anya Nya,1963,1972
330,330002,Anya Nya II,1975,1991
330,330003,Azania Liberation Front,1965,1969
330,330004,Equatoria Defense Force,1996,2005
330,330006,National Democratic Alliance,1996,2006
330,330007,Patriotic Resistance Movement of South Sudan,1993,1993
330,330008,SANU - Right wing,1965,1965
330,330009,SPLM - Nasir,1991,1992
330,330010,SPLM - United,1994,2004
330,330011,SPLM,1983,2005
330,330012,Southern Forum of National Congress,2000,2000
330,330013,Southern Front,1960,1969
330,330014,SPLM - United,1993,2004
330,330015,Southern Sudanese Political Association,1985,1989
330,330016,Southern Sudanese Alliance,1985,1987
330,330017,Southern Unity Party,1965,1965
330,330018,Sudan African National Union,1960,1972
330,330019,Sudan African National Union,1985,2013
330,330020,Sudan African People's Congress,1986,1988
330,330021,Sudan Liberation Movement - Minni Minawi faction,2005,2016
330,330022,Sudanese African Congress,1985,1988
330,330023,Sudanese National Labour Party,1987,1989
330,330024,United Democratic Salvation Front,1999,2013
330,330025,United Sudanese African Parties,1997,1999
330,330026,SPLA - Bahr al-Ghazal,1994,1999
330,330027,SPLM - Democratic Change,2009,2015
331,331001,National Association of Swedish Sami,1960,2005
331,331002,Nordic Sami Institute,1973,2005
331,331003,Nordic Sami Council,1960,2016
332,332001,Democratic Action Congress,1978,1986
332,332002,Democratic Action Congress,2003,2007
332,332003,National Alliance for Reconstruction,1993,2005
333,333001,Cornish Language Fellowship,2002,
333,333002,Mebyon Kernow,1960,
334,334001,Armed Forces of National Liberation,1974,1983
334,334002,Anti-Navy Commandos,1981,1981
334,334003,Common Cause for Independence,1990,1998
334,334004,Congreso Nacional Hostosiano,1997,2005
334,334005,Federation of Pro-Independence University Students,2002,2002
334,334006,Full Group of Reflection on Puerto Rico,1981,1981
334,334007,Los Macheteros,1979,2005
334,334008,National Liberation Movement,1981,1983
334,334009,Nationalist Party of Puerto Rico,1998,
334,334010,New Independence Movement,1993,2001
334,334011,New Movement in Solidarity with Puerto Rican Independence and Socialism,1981,1985
334,334012,New Progressive Party,1967,
334,334013,Popular Democratic Party,1960,
334,334014,Puerto Rican Independence Movement,1960,1971
334,334015,Puerto Rican Independence Party,1960,
334,334016,Puerto Rican Socialist Party,1972,1992
334,334018,Puerto Ricans in Civic Action,1982,1998
334,334019,Socialist Front,1997,
334,334020,Citizens Victory Movement,2019,
335,335001,"Albanian Liberation Army of Presevo, Medvedja and Bujanovac",2000,2001
335,335002,Albanian National Army,2001,2016
335,335003,Democratic Union of the Valley,2003,
335,335004,Front for National Albanian Unification,2000,2005
335,335005,Movement of Democratic Progress,2003,2008
335,335006,Party of Demcratic Action,2001,
335,335007,United Democratic Party of Albanians,1998,2005
336,336001,Democratic List for a European Montenegro,2002,2005
336,336002,Democratic Socialist Party,1992,2005
336,336003,Liberal Party of Montenegro,2000,2006
336,336004,Liberal Alliance,1991,2005
336,336006,To Live Better Coalition,1998,2001
336,336007,Democratic Party of Socialists,1997,2005
336,336008,Victory Belongs to Montenegro,2001,2002
336,336009,National Party,1993,2005
336,336010,Social Democratic Party,1993,2006
336,336011,Together for Yugoslavia,2001,2003
402,402001,Flemish Social Christians,1963,2005
402,402002,Flemish Liberals and Democrats,1993,2005
402,402003,Flemish Liberals,1974,1992
402,402004,Flemish Liberation Army,1966,1966
402,402005,Flemish Socialist Party,1978,
402,402006,New Flemish Alliance,2002,
402,402008,Spirit,2001,2009
402,402009,Vlaams Blok,1978,
402,402010,Vlaams Verweer,1966,1966
402,402011,Vlaamse Militantenorde,1960,1985
402,402012,Volksunie,1961,2001
402,402013,Socialist Party,1966,1977
403,403001,All-Anglophone Conference,1993,1994
403,403002,Cameroon Anglophone Movement,1991,1996
403,403003,Free West Cameroon Movement,1993,2004
403,403004,Front of Allies for Change,1994,2003
403,403005,Liberal Democratic Party,2004,2005
403,403006,Republic of Ambazonia,2003,
403,403007,Social Democratic Front,1990,
403,403008,Southern Cameroon National Council,1995,
403,403009,Southern Cameroon Youth League,1999,2013
403,403010,Southern Cameroons Peoples' Organisation,2002,2015
403,403011,Southern Cameroons Restoration Movement,2004,2005
403,403012,Teachers Association of Cameroon,1993,1993
403,403013,Union for Change,1992,2005
403,403014,Ambazonia Defence Forces,2017,
403,403015,Southern Cameroons Defence Forces,2017,
403,403016,Southern Cameroons Ambazonia Consortium United Front,2017,
404,404001,Armed Forces for a Federal Republic,1994,1998
404,404002,Hope Codos,1982,1987
404,404003,Committee of National Revival for Peace and Democracy,1992,1996
404,404004,Federation Action for the Republic,1996,2016
404,404005,Forces Armes Tchadiennes,1979,1987
404,404006,Patriotic Front for Democracy,1996,1996
404,404007,Union for Renewal and Democracy,1992,2015
404,404008,United Front of the South,1978,1978
405,405001,Asia-Mongolian Front for Freedom,1990,1990
405,405002,Bayannur League National Modernization Society,1990,1991
405,405003,General Coordination Committee of Inner Mongolian Rejuvenation Movements,1992,1992
405,405004,Ih Ju League National Culture Society,1990,1991
405,405005,Inner Mongolia National Autonomous Committee,1990,1990
405,405006,Southern Mongolian Democracy Alliance,1995,1996
406,406001,Confederation of Katangan Associates,1960,1964
406,406002,Congo National Confederation,2005,2005
406,406003,Congo National Confederation,1965,1965
406,406005,Katanga Tigers,1997,1997
406,406007,Katangese Gendarmes,1960,1967
406,406008,Movement of May 17th,2004,2004
406,406009,National Front of Liberation of Katanga,1997,1997
406,406010,National Resistance Council,1997,1997
406,406011,Sacred Union,1990,1991
406,406012,Union of Federalists and Independent Republicans,1990,2001
407,407001,Front for the Restoration of Unity and Democracy - Ougoureh Kefle Ahmed faction,1994,1995
407,407002,Front for the Restoration of Unity and Democracy - Dini,1994,2001
407,407003,Front for the Restoration of Unity and Democracy - Renaissance,1996,1996
407,407004,Front for the Restoration of Unity and Democracy,1991,
408,408001,Alliance for the Liberation of the Ogaden,1984,1984
408,408002,Democratic Movement League,1994,1994
408,408003,Islamic Union of Ogaden,1999,1999
408,408004,Islamic Union of Western Somalia,1990,1999
408,408005,Islamic United Party,1994,1994
408,408006,Ogaden National Liberation Front,1984,
408,408007,Rer Barreh People's Party,1994,1994
408,408008,Shekoshe Peoples Democratic Movement,1994,1994
408,408009,Somali Abo Liberation Front,1977,1999
408,408010,Somali Peoples Democratic Party,1998,2019
408,408011,Western Somalia Liberation Front,1975,2005
408,408012,Alliance for the Liberation of the Ogaden,1998,1999
408,408013,Alliance for the Liberation of the Ogaden,1998,1999
409,409001,Nordic Sami Institute,1974,2016
409,409003,Sami Council,1960,2016
410,410001,All Assam Students Union,1968,
410,410002,Asom Gana Parishad,1985,
410,410003,Assam Sahitya Sabha,1960,
410,410005,Naturn Assam Gana Parishad,1991,1995
410,410006,People's Committee for Peace Initiative in Assam,2005,2010
410,410007,United Liberation Front of Assam,1979,
410,410008,Asom Jatiya Parishad,2020,
410,410009,All Assam Tai Ahom Students’ Union,2015,
411,411001,Action Committee for Central Administration in Ladakh,1975,1975
411,411003,Ladakh Buddhists Association,1971,
411,411004,Ladakh People's Movement,1989,1989
411,411005,Ladakh Union Territory Front,2003,2009
411,411006,Zanskar All Parties Action Committee,1995,1995
412,412001,All Naga Students' Association in Manipur,1998,
412,412003,National Socialist Council of Nagalim,1988,
412,412004,National Socialist Council of Nagalim - K,1988,
412,412005,Naga National Council,1960,2010
412,412006,Naga People's Council,1960,1960
412,412007,Naga Student's Federation,1986,
412,412008,Naga Students' Union of Delhi,2005,
412,412009,Naga Tribal Council,1966,
412,412011,National Socialist Council of Nagaland,1978,1987
412,412012,Revolutionary Government of Nagaland,1968,1973
412,412013,United Front of Nagaland,1968,1971
412,412014,United Naga Council in Manipur,1998,
412,412015,National Socialist Council of Nagalim - Khole-Kitovi,2011,
412,412016,National Socialist Council of Nagalim - K-Yung Aung,2020,
412,412017,National Socialist Council of Nagalim - K-Konyak,2018,
412,412021,Naga People's Front,2010,
412,412022,Eastern Nagaland People's Organisation,2010,
413,413001,Aceh Referendum Information Center,1992,
413,413002,Aceh Students Reform Action Coalition,1998,1999
413,413003,Free Aceh Movement,1978,
413,413004,Inong Balee,1999,2004
413,413005,MP-GAM,1999,1999
413,413006,Student Solidarity for Aceh,1998,1999
413,413007,Student Solidarity for the People,1999,2005
414,414001,Committee for the Defense of the Kurdish Peoples Rights,1963,1963
414,414002,Committee for the Protection of the Kurdish People,2003,2003
414,414003,Iraqi Kurdistan Communist Party,1978,2012
414,414004,Iraqi Kurdistan Front,1988,1992
414,414005,Kurdish Conservative Party,1993,2005
414,414006,Kurdish Democratic Party,1961,
414,414008,Kurdish Socialist Party,1980,2015
414,414009,Kurdistan Independent Labor Party,1995,2005
414,414010,Kurdistan Islamic League,1993,2016
414,414011,Kurdistan National Democratic Union,1997,
414,414012,Kurdistan People's Democratic Party,1987,2010
414,414013,Kurdistan Peoples Movement,1996,2005
414,414014,Kurdistan Toilers Party,1996,
414,414015,Patriotic Union of Kurdistan,1975,2005
414,414016,Referendum Movement,2003,2005
414,414017,Kurdistan Islamic Union,2002,
414,414018,Kurdistan Islamic Movement,2004,
414,414019,Kurdistan Islamic Group,2004,
415,415001,Anonymous Sardinian Anarchist Insurrectionists,2004,2004
415,415002,Indipendenzia Republica Sardinia,2005,2005
415,415003,Proletarian Nuclei for Communism,2001,2005
415,415004,Sardinian Action Party,1960,
415,415006,Sardegna Possibile,2014,
417,417001,Azaouad Liberation Front,1992,1992
417,417002,Islamic Arab Front of the Azaouad,1990,1995
417,417003,Mouvement Populaire de Liberation de l'Azaouad,1988,1995
417,417004,Popular Front for the Liberation of the Azawad,1991,1995
417,417005,Revolutionary Army for the Liberation of Azaouad,1991,1995
417,417006,Unified Movements and Fronts of Azawad,1991,1995
418,418001,Chin National Army,1988,2011
418,418002,Chin National Front,1988,
418,418003,Chin National League for Democracy,1988,
418,418004,National Democratic Front,1997,
418,418005,National League for Democracy,1988,
418,418006,Zomi Liberation Front,1987,1988
418,418007,Zomi National Congress,1988,
418,418009,Chin Progressive Party,2010,
418,418010,Chin National League for Democracy,2019,
419,419001,Democratic Alliance of Burma,1988,2014
419,419002,Mon National Democratic Front,1988,2016
419,419003,Mon National Liberation Army,1987,
419,419004,New Mon State Party,1960,
419,419005,Mon Unity Party,2018,
420,420001,Alliance for the Progress of Miskitos and Sumus,1974,1978
420,420002,Awas Tingni,1995,2005
420,420003,Unified Indigenous Armed Forces of the Atlantic Coast,1985,1990
420,420004,"Miskito, Rama, and Sandinista United",1979,1986
420,420005,Misura,1984,1986
420,420006,Yapti Masrika Nani,1987,2005
421,421001,Movement for the Survival of the Ogoni People,1990,
422,422001,Baluch Ittehad,2005,
422,422002,Baluch Liberation Army,2000,
422,422003,Baluch Nationalist Alliance,1989,2004
422,422004,Baluch People's Liberation Front,2000,
422,422005,Baluch Students Organization,1980,
422,422006,Baluchistan National Party,1997,
422,422007,Jamhoori Watan Party,1990,
422,422008,Pakistan Oppressed Nations Movement,1998,2016
422,422009,United Baluch Army,2008,
423,423001,Awami National Party,1986,
423,423002,National Awami Party,1960,1975
423,423003,Pakhtoonkhwa Milli Awami Party,1991,
423,423004,Pakistan Oppressed Nations Movement,1998,2016
424,424001,Abu Sayyaf Group,1991,
424,424003,Moro National Liberation Front - Committee of 15,2001,2016
424,424004,Moro National Liberation Front - Islamic Command Council,1995,2016
424,424005,Mindanao Independence Movement,1968,1970
424,424006,Moro Islamic Liberation Front,1977,
424,424007,Moro National Liberation Front,1971,2000
424,424008,Moro National Liberation Front - Reformist Group,1980,2005
424,424009,Moro National Liberation Front - Nur Misuari,2001,2002
424,424010,Mindanao Independence Movement - Canoy,1986,1990
424,424011,Bangsamoro Islamic Freedom Fighters,2010,
425,425001,Democratic Union of Hungarians in Romania,1989,
425,425002,Hungarian Civic Union,2004,
425,425003,Initiative Council of the National Council of Magyars in Transylvania,2003,
425,425004,National Szekler Council,2003,2005
425,425005,Reformist Bloc,2001,2003
426,426001,Lezgin National Council,1992,2000
426,426002,Sadval,1991,1997
426,426003,Sadval - Extreme wing,1998,2005
426,426004,Sadval - Moderate wing,1998,2005
428,428001,Basque Nationalist Party,1960,
428,428004,Bereziak,1977,1977
428,428005,Communist Party of the Basque Homeland,2003,2008
428,428006,Euzkadi Ta Azkatasuna,1960,1973
428,428007,Euskadiko Ezkerra,1977,1990
428,428009,Eusko Alkartasuna,1986,
428,428011,Gestoras Pro Amnist'a,1988,2001
428,428013,Hasi,1979,1979
428,428014,Herri Batasuna,1978,2012
428,428015,Jarrai,1989,2001
428,428016,Koordinadora Abertzale Sozialista,1975,1976
428,428017,Laia,1979,1979
428,428018,Spanish Socialist Party - Basque branch,1977,
428,428019,ETA-P-M,1974,1984
428,428020,ETA-M,1974,2005
428,428021,Platform for Self-Determination,2003,2003
428,428023,Euskal Herritarrok,1998,2001
428,428024,Euskal Herria Bildu,2012,
429,429002,Catalan Democratic Convergence,1974,
429,429003,Catalan Democratic Union,1977,
429,429004,Catalan Red Liberation Army,1987,1987
429,429005,Catalan Republican Left,1979,
429,429006,Convergence and Unity,1977,2014
429,429007,Democratic Pact for Catalonia,1977,1977
429,429008,Independence Party,1996,1997
429,429009,Socialists' Party of Catalunya,1977,2005
429,429010,Terra Lliure,1982,1991
429,429011,Unified Socialist Party of Catalonia,1973,2005
429,429013,Together for Catalonia,2017,
430,430001,Beliers,1962,1993
430,430002,Beliers,2005,2005
430,430003,Force Democratique,1974,1975
430,430004,Jurassian Liberation Front,1962,1973
430,430005,Mouvement Autonomiste Jurassien,1994,2002
430,430006,Mouvement pour l'Unite du Jura,1969,1974
430,430007,Rassemblement Jurassien,1960,1993
430,430008,Sangliers,1980,1993
430,430009,Union of Jurassian Patriots,1960,1983
430,430010,Unit Jurassienne,1993,1993
431,431001,BRN Congress,2004,
431,431002,BRN Coordinate,2001,
431,431004,Barisan Islam Pembebasan Patani,1985,2005
431,431005,Barisan Revolusi Nasional,1982,
431,431006,Bersatu,2001,2016
431,431007,Gerakan Mujahideen Islami Patani,1995,
431,431008,Indonesian Muslim Solidarity for Malay Pattani,2004,2004
431,431009,New PULO,1995,2016
431,431010,Patani Malay Consultative Congress,1989,2014
431,431011,Patani Ulama Movement,1998,1998
431,431012,Pattani United Liberation Organization,1967,2015
431,431013,Tantra Jihad Islam,1994,1994
432,432001,Buganda Youth Movement,1994,1995
432,432002,Kabaka,1962,2016
432,432003,Kabaka Yekka,1962,1967
432,432004,Ugandan National Democratic Alliance,1995,1995
433,433001,1320 Club,1966,1966
433,433002,Democracy for Scotland,1992,1997
433,433003,Flame,1994,1996
433,433004,Scotland United,1992,1993
433,433005,Scottish Constitutional Convention,1989,2005
433,433006,Scottish Greens,1980,
433,433007,Scottish Labour Party,1960,
433,433008,Scottish Liberal Democrats,1988,2005
433,433009,Scottish Nationalist Liberation Army,1980,2014
433,433010,Scottish Nationalist Party,1960,
433,433012,Scottish Republican Socialist League,1980,1980
433,433013,Scottish Tartan Army,1975,1975
433,433014,Scottish Trades Union Congress,1970,
433,433015,Scottish Watch,1993,1998
433,433016,Settler Watch,1993,1998
433,433017,Scottish Labour Action,1988,1998
434,434001,Congress of Tajkis of Uzbekistan,1992,1992
435,435001,Croatian Defence Forces,1991,1991
435,435002,Croatian Democratic Union,1990,1991
435,435003,Croatian Rights Party,1991,1991
435,435004,Croatian National Guard,1991,1991
435,435005,Matica Hrvatska,1971,1972
436,436001,Bosnian Democratic Party,1998,2000
436,436002,Bosniak Democratic Alliance,2002,2016
436,436003,Bosniak Democratic Coalition - Harun Hadzic,2002,2002
436,436004,Bosniak National Council,1991,2016
436,436006,International Democratic Union,1998,2005
436,436007,Liberal Bosniak Organization of Sandzak,1996,2005
436,436008,List for Sandzak - Sulejman Ugljanin,1996,2009
436,436009,National Movement of Sandzak,2000,2002
436,436010,Party for Sandzak,2001,2011
436,436011,Party of Democratic Action,1990,
436,436012,People's Movement of Sandzak,2000,2010
436,436013,Reform Democratic Party,1996,2002
436,436014,Sandzak Bosniak Homeland Society,1998,2004
436,436015,Sandzak Democratic Union,2004,2009
436,436016,Sandzak Democratic Party,1992,2016
436,436017,Social Democratic Party of Sandzak,2001,2005
436,436018,Bosniak Democratic Party of Sandzak,1996,2012
